Word(s),Spoken Form (If Different)

nmap,N map
under-documented,under documented
nmap
admin
Cisco
Citrix
VPN
DNS
Minecraft
API
cluster
enum
fluent-bit, fluent bit
null
build
blaze
eval
Sherlog
QPS
UI
doc
sure
oncall
CNS
column
Spanner
backend
error, arbok
sync
synced, synced
synced, sinked
hey
unit test
autocancellation, auto cancelation
YAQS, yacks
retries
diff
borg
borgcron
cron
boolean, bullion
plx, plex
roboslicer
Yuqing, you ching
UAM
zhang, zang
zhangychris, zang Chris
query
error stats, ever stats
error code, ever code
error class, ever class
error stats, aerostats
error rate, ever rate
CL
evals, evils
Jarvis, Jervis
autocancelled, auto canceled
query, quarry
queried, quarried
util, utile
